id	created_at	created_by	is_deleted	updated_at	updated_by	component	icon	menu_name	menu_type	parent_id	path	permission	sort_order	status
1	2026-09-23 14:47:09.000000	NULL	0	2026-09-23 15:50:57.000000	NULL	NULL	Setting	系统管理	0	NULL	/system	NULL	1	1
2	2026-09-23 14:47:09.000000	NULL	0	2026-09-23 15:50:57.000000	NULL	system/user/index	User	用户管理	1	1	/system/user	system:user:list	1	1
3	2026-09-23 14:47:09.000000	NULL	0	2026-09-23 15:50:57.000000	NULL	system/role/index	UserFilled	角色管理	1	1	/system/role	system:role:list	2	1
4	2026-09-23 14:47:09.000000	NULL	0	2026-09-23 15:50:57.000000	NULL	system/menu/index	Menu	菜单管理	1	1	/system/menu	system:menu:list	3	1
5	2026-09-23 14:47:09.000000	NULL	0	2026-09-23 15:50:57.000000	NULL	system/org/index	Organization	组织机构	1	1	/system/org	system:org:list	4	1
6	2026-09-23 14:47:09.000000	NULL	0	2026-09-23 15:50:57.000000	NULL	system/dict/index	List	字典管理	1	1	/system/dict	system:dict:list	5	1
7	2026-09-23 14:47:09.000000	NULL	0	2026-09-23 15:50:57.000000	NULL	dashboard/index	HomeFilled	首页	1	NULL	/dashboard	NULL	0	1
8	2026-09-23 14:47:09.000000	NULL	0	2026-09-23 15:50:57.000000	NULL	NULL	NULL	用户查询	2	2	NULL	system:user:query	1	1
9	2026-09-23 14:47:09.000000	NULL	0	2026-09-23 15:50:57.000000	NULL	NULL	NULL	用户新增	2	2	NULL	system:user:create	2	1
10	2026-09-23 14:47:09.000000	NULL	0	2026-09-23 15:50:57.000000	NULL	NULL	NULL	用户修改	2	2	NULL	system:user:update	3	1
11	2026-09-23 14:47:09.000000	NULL	0	2026-09-23 15:50:57.000000	NULL	NULL	NULL	用户删除	2	2	NULL	system:user:delete	4	1
12	2026-09-23 14:47:09.000000	NULL	0	2026-09-23 15:50:57.000000	NULL	NULL	NULL	角色查询	2	3	NULL	system:role:query	1	1
13	2026-09-23 14:47:09.000000	NULL	0	2026-09-23 15:50:57.000000	NULL	NULL	NULL	角色新增	2	3	NULL	system:role:create	2	1
14	2026-09-23 14:47:09.000000	NULL	0	2026-09-23 15:50:57.000000	NULL	NULL	NULL	角色修改	2	3	NULL	system:role:update	3	1
15	2026-09-23 14:47:09.000000	NULL	0	2026-09-23 15:50:57.000000	NULL	NULL	NULL	角色删除	2	3	NULL	system:role:delete	4	1
16	2026-09-23 14:47:09.000000	NULL	0	2026-09-23 15:50:57.000000	NULL	NULL	NULL	菜单查询	2	4	NULL	system:menu:query	1	1
17	2026-09-23 14:47:09.000000	NULL	0	2026-09-23 15:50:57.000000	NULL	NULL	NULL	菜单新增	2	4	NULL	system:menu:create	2	1
18	2026-09-23 14:47:09.000000	NULL	0	2026-09-23 15:50:57.000000	NULL	NULL	NULL	菜单修改	2	4	NULL	system:menu:update	3	1
19	2026-09-23 14:47:09.000000	NULL	0	2026-09-23 15:50:57.000000	NULL	NULL	NULL	菜单删除	2	4	NULL	system:menu:delete	4	1
20	2026-09-23 14:47:09.000000	NULL	0	2026-09-23 15:50:57.000000	NULL	NULL	NULL	机构查询	2	5	NULL	system:org:query	1	1
21	2026-09-23 14:47:09.000000	NULL	0	2026-09-23 15:50:57.000000	NULL	NULL	NULL	机构新增	2	5	NULL	system:org:create	2	1
22	2026-09-23 14:47:09.000000	NULL	0	2026-09-23 15:50:57.000000	NULL	NULL	NULL	机构修改	2	5	NULL	system:org:update	3	1
23	2026-09-23 14:47:09.000000	NULL	0	2026-09-23 15:50:57.000000	NULL	NULL	NULL	机构删除	2	5	NULL	system:org:delete	4	1
24	2026-09-23 14:47:09.000000	NULL	0	2026-09-23 15:50:57.000000	NULL	NULL	NULL	字典查询	2	6	NULL	system:dict:query	1	1
25	2026-09-23 14:47:09.000000	NULL	0	2026-09-23 15:50:57.000000	NULL	NULL	NULL	字典新增	2	6	NULL	system:dict:create	2	1
26	2026-09-23 14:47:09.000000	NULL	0	2026-09-23 15:50:57.000000	NULL	NULL	NULL	字典修改	2	6	NULL	system:dict:update	3	1
27	2026-09-23 14:47:09.000000	NULL	0	2026-09-23 15:50:57.000000	NULL	NULL	NULL	字典删除	2	6	NULL	system:dict:delete	4	1
100	2026-09-23 14:47:09.000000	NULL	0	2026-09-23 15:50:57.000000	NULL	NULL	Operation	流程管理	0	NULL	/process	NULL	2	1
101	2026-09-23 14:47:09.000000	NULL	0	2026-09-23 15:50:57.000000	NULL	process/ProcessListPage	Document	流程定义	1	100	/process/definition	process:definition:list	1	1
102	2026-09-23 14:47:09.000000	NULL	0	2026-09-23 15:50:57.000000	NULL	process/ProcessCenterPage	Files	流程中心	1	100	/process/center	process:center:list	2	1
103	2026-09-23 14:47:09.000000	NULL	0	2026-09-23 15:50:57.000000	NULL	process/ProcessTodoPage	BellFilled	待办处理	1	100	/process/todo	process:todo:list	3	1
110	2026-09-23 14:47:09.000000	NULL	0	2026-09-23 15:50:57.000000	NULL	NULL	NULL	流程创建	2	101	NULL	process:definition:create	1	1
111	2026-09-23 14:47:09.000000	NULL	0	2026-09-23 15:50:57.000000	NULL	NULL	NULL	流程部署	2	101	NULL	process:definition:deploy	2	1
112	2026-09-23 14:47:09.000000	NULL	0	2026-09-23 15:50:57.000000	NULL	NULL	NULL	流程删除	2	101	NULL	process:definition:delete	3	1
113	2026-09-23 14:47:09.000000	NULL	0	2026-09-23 14:47:09.000000	NULL	NULL	NULL	分类创建	2	104	NULL	process:category:create	1	1
114	2026-09-23 14:47:09.000000	NULL	0	2026-09-23 14:47:09.000000	NULL	NULL	NULL	分类编辑	2	104	NULL	process:category:update	2	1
115	2026-09-23 14:47:09.000000	NULL	0	2026-09-23 14:47:09.000000	NULL	NULL	NULL	分类删除	2	104	NULL	process:category:delete	3	1
120	2026-09-23 14:47:09.000000	NULL	1	2026-09-23 14:47:09.000000	NULL	NULL	Tickets	表单管理	0	NULL	/form	NULL	3	0
121	2026-09-23 14:47:09.000000	NULL	0	2026-09-23 14:47:09.000000	NULL	form/FormListPage	Document	表单列表	1	160	/form	form:list	1	1
130	2026-09-23 14:47:09.000000	NULL	0	2026-09-23 14:47:09.000000	NULL	NULL	NULL	表单创建	2	121	NULL	form:create	1	1
131	2026-09-23 14:47:09.000000	NULL	0	2026-09-23 14:47:09.000000	NULL	NULL	NULL	表单编辑	2	121	NULL	form:edit	2	1
132	2026-09-23 14:47:09.000000	NULL	0	2026-09-23 14:47:09.000000	NULL	NULL	NULL	表单发布	2	121	NULL	form:publish	3	1
133	2026-09-23 14:47:09.000000	NULL	0	2026-09-23 14:47:09.000000	NULL	NULL	NULL	表单删除	2	121	NULL	form:delete	4	1
140	2026-09-23 14:47:09.000000	NULL	1	2026-09-23 14:47:09.000000	NULL	NULL	Grid	查询界面管理	0	NULL	/page	NULL	4	0
141	2026-09-23 14:47:09.000000	NULL	0	2026-09-23 14:47:09.000000	NULL	page/PageListPage	Document	页面列表	1	160	/page	page:list	1	1
142	2026-09-23 14:47:09.000000	NULL	0	2026-09-23 14:47:09.000000	NULL	dataSource/DataSourceListPage	Connection	数据源管理	1	160	/data-source/list	data-source:list	2	1
150	2026-09-23 14:47:09.000000	NULL	0	2026-09-23 14:47:09.000000	NULL	NULL	NULL	页面创建	2	141	NULL	page:create	1	1
151	2026-09-23 14:47:09.000000	NULL	0	2026-09-23 14:47:09.000000	NULL	NULL	NULL	页面编辑	2	141	NULL	page:edit	2	1
152	2026-09-23 14:47:09.000000	NULL	0	2026-09-23 14:47:09.000000	NULL	NULL	NULL	页面发布	2	141	NULL	page:publish	3	1
153	2026-09-23 14:47:09.000000	NULL	0	2026-09-23 14:47:09.000000	NULL	NULL	NULL	页面删除	2	141	NULL	page:delete	4	1
154	2026-09-23 14:47:09.000000	NULL	0	2026-09-23 14:47:09.000000	NULL	NULL	NULL	数据源管理	2	142	NULL	data-source:manage	1	1
160	2026-09-23 14:47:09.000000	NULL	0	2026-09-23 14:47:09.000000	NULL	NULL	Grid	表单视图管理	0	NULL	/form	NULL	3	1
250	2026-09-23 14:47:09.000000	NULL	0	2026-09-23 14:47:09.000000	NULL	NULL	Bell	消息管理	0	NULL	/messages	NULL	5	1
251	2026-09-23 14:47:09.000000	NULL	0	2026-09-23 14:47:09.000000	NULL	modules/notification/views/MessageCenter	Message	消息中心	1	250	/messages	notification:message:list	1	1
252	2026-09-23 14:47:09.000000	NULL	0	2026-09-23 14:47:09.000000	NULL	modules/notification/views/admin/TemplateList	Document	模板管理	1	250	/messages/templates	notification:template:list	2	1
253	2026-09-23 14:47:09.000000	NULL	0	2026-09-23 14:47:09.000000	NULL	modules/notification/views/admin/ChannelConfig	Connection	渠道配置	1	250	/messages/channels	notification:channel:list	3	1
254	2026-09-23 14:47:09.000000	NULL	0	2026-09-23 14:47:09.000000	NULL	modules/notification/views/admin/SubscriptionRules	SetUp	订阅规则	1	250	/messages/subscriptions	notification:subscription:list	4	1
255	2026-09-23 14:47:09.000000	NULL	0	2026-09-23 14:47:09.000000	NULL	modules/notification/views/admin/DeliveryLog	Tickets	发送记录	1	250	/messages/deliveries	notification:delivery:list	5	1
256	2026-09-23 14:47:09.000000	NULL	0	2026-09-23 14:47:09.000000	NULL	NULL	NULL	模板管理	2	252	NULL	notification:template:manage	1	1
257	2026-09-23 14:47:09.000000	NULL	0	2026-09-23 14:47:09.000000	NULL	NULL	NULL	渠道配置	2	253	NULL	notification:channel:manage	1	1
258	2026-09-23 14:47:09.000000	NULL	0	2026-09-23 14:47:09.000000	NULL	NULL	NULL	订阅规则	2	254	NULL	notification:subscription:manage	1	1
259	2026-09-23 14:47:09.000000	NULL	0	2026-09-23 14:47:09.000000	NULL	NULL	NULL	发送记录重发	2	255	NULL	notification:delivery:retry	1	1
260	2026-09-23 14:47:09.000000	NULL	0	2026-09-23 14:47:09.000000	NULL	modules/notification/views/admin/AnnouncementList	Notification	公告管理	1	250	/messages/announcements	notification:announcement:list	6	1
261	2026-09-23 14:47:09.000000	NULL	0	2026-09-23 14:47:09.000000	NULL	modules/notification/views/admin/EventDefinitionList	Operation	事件管理	1	250	/messages/events	notification:event:list	7	1
262	2026-09-23 14:47:09.000000	NULL	0	2026-09-23 14:47:09.000000	NULL	NULL	NULL	公告管理	2	260	NULL	notification:announcement:manage	1	1
263	2026-09-23 14:47:09.000000	NULL	0	2026-09-23 14:47:09.000000	NULL	NULL	NULL	事件管理	2	261	NULL	notification:event:manage	1	1
264	2026-09-25 10:31:10.775000	NULL	0	2026-09-25 10:31:10.775000	NULL	page/PageRenderer	NULL	演示页面1	1	160	/page/test1	page:read:test1	0	1
