id	tenant_id	name	type	form_key	source_key	params	status	created_by	created_at	updated_at	form_id
089688bb7ce443e1a9ab56b7b62ab27d	default	费用报销审批流程表单 数据源	WORKFLOW	ai_muimil5t78	ai_muimil5t78	NULL	ENABLED	system	2026-09-27 00:48:10	2026-09-27 00:48:10	299f7fcdfde04c309f8339772f44b604
12cc1853648942ea8608dd53b4f43ee2	default	AI小智测试表单 数据源	WORKFLOW	ai_xiaozhi_test	ai_xiaozhi_test	NULL	ENABLED	system	2026-09-24 13:05:27	2026-09-24 13:05:27	8a1c28f22312b38ba4414914e6b504cf
1cc15d6e514842869f324fb13da0d9ce	default	办公用品登记业务表单 数据源	FORM	ai_muf52ksu88	ai_muf52ksu88	{"list":{"action":"/api/v1/biz-data/ai_muf52ksu88","method":"GET","parse":"records","totalParse":"total"},"create":{"action":"/api/v1/biz-data/ai_muf52ksu88","method":"POST"},"get":{"action":"/api/v1/biz-data/ai_muf52ksu88/{id}","method":"GET"},"update":{"action":"/api/v1/biz-data/ai_muf52ksu88/{id}","method":"PUT"},"delete":{"action":"/api/v1/biz-data/ai_muf52ksu88/{id}","method":"DELETE"}}	ENABLED	system	2026-09-24 14:16:31	2026-09-25 02:05:14	9e24468dbcf5e57cdeeddcc7934e629f
3f014ac986314285ae2216bd24dc433e	default	办公用品领用流程表单 数据源	WORKFLOW	ai_muimnle734	ai_muimnle734	NULL	ENABLED	system	2026-09-27 00:52:03	2026-09-27 00:52:03	e13dba23da7ce03c664dc626db550605
40dae5b2311f4be9a4379a3022e23a52	default	会议室预约业务表单 数据源	FORM	ai_muf5sckj12	ai_muf5sckj12	NULL	ENABLED	system	2026-09-24 14:36:33	2026-09-24 15:01:37	648b850b40637d18d6dcdd90211a84fb
50613845c2674d1e9037b6986a6c163c	default	出差申请审批流程表单 数据源	WORKFLOW	ai_muimm9du49	ai_muimm9du49	NULL	ENABLED	system	2026-09-27 00:51:01	2026-09-27 00:51:01	088678179269fbc56c5c157386ccbbb3
869f98e37736434e9e1d551dac877628	default	员工请假审批流程表单 数据源	WORKFLOW	ai_muimc7p374	ai_muimc7p374	NULL	ENABLED	system	2026-09-27 00:43:12	2026-09-27 00:43:12	73fc3be4d32a2d1b704f022eb61d1f99
91ec520d8f484b68b9307398fe2e15c0	default	员工报销申请 数据源	FORM	ai_muf58a5n38	ai_muf58a5n38	NULL	ENABLED	system	2026-09-24 14:20:57	2026-09-24 15:00:55	579351c3534ce256077a37b017b91430
cc78ce9ddc784f04ba4b8871285e5779	default	会议室预约表单 数据源	FORM	ai_muf7u70h84	ai_muf7u70h84	NULL	ENABLED	system	2026-09-24 15:33:58	2026-09-24 15:33:58	e6d2ffd44a6baf0d26f10a99d656c705
dda21b336e3d444d9370aa881316106b	default	员工请假业务表单 数据源	FORM	ai_muf4tjek39	ai_muf4tjek39	NULL	ENABLED	system	2026-09-24 14:09:29	2026-09-24 15:26:21	e6ab86607aca0f4dce285f108687f67a
ds-builtin-dept-tree	system	组织机构	SYSTEM	NULL	dept-tree	{"list":{"action":"/api/v1/internal/system/dept-tree","method":"GET"}}	ENABLED	system	2026-09-24 16:23:57	2026-09-24 16:23:57	NULL
ds-builtin-process-definitions	system	流程定义	SYSTEM	NULL	process-definitions	{"list":{"action":"/api/v1/internal/system/process/definitions","method":"GET"}}	ENABLED	system	2026-09-24 16:23:57	2026-09-24 16:23:57	NULL
ds-builtin-process-instances	system	流程实例	SYSTEM	NULL	process-instances	{"list":{"action":"/api/v1/internal/system/process/instances","method":"GET"}}	ENABLED	system	2026-09-24 16:23:57	2026-09-24 16:23:57	NULL
ds-builtin-sys-dicts	system	系统字典	SYSTEM	NULL	sys-dicts	{"list":{"action":"/api/v1/internal/system/dicts","method":"GET"}}	ENABLED	system	2026-09-24 16:23:57	2026-09-24 16:23:57	NULL
ds-builtin-sys-menus	system	系统菜单	SYSTEM	NULL	sys-menus	{"list":{"action":"/api/v1/internal/system/menus","method":"GET"}}	ENABLED	system	2026-09-24 16:23:57	2026-09-24 16:23:57	NULL
ds-builtin-sys-roles	system	系统角色	SYSTEM	NULL	sys-roles	{"list":{"action":"/api/v1/internal/system/roles","method":"GET"}}	ENABLED	system	2026-09-24 16:23:57	2026-09-24 16:23:57	NULL
ds-builtin-todo-tasks	system	待办任务	SYSTEM	NULL	todo-tasks	{"list":{"action":"/api/v1/internal/system/process/todo-tasks","method":"GET"}}	ENABLED	system	2026-09-24 16:23:57	2026-09-24 16:23:57	NULL
ds-builtin-user-tree	system	系统用户	SYSTEM	NULL	user-tree	{"list":{"action":"/api/v1/internal/system/users","method":"GET"}}	ENABLED	system	2026-09-24 16:23:57	2026-09-24 16:23:57	NULL
e6741228ebda42fb8fa0c5717800d27a	default	测试表单 数据源	FORM	bill_test	bill_test	{"list":{"action":"/api/v1/biz-data/bill_test","method":"GET","parse":"records","totalParse":"total"},"create":{"action":"/api/v1/biz-data/bill_test","method":"POST"},"get":{"action":"/api/v1/biz-data/bill_test/{id}","method":"GET"},"update":{"action":"/api/v1/biz-data/bill_test/{id}","method":"PUT"},"delete":{"action":"/api/v1/biz-data/bill_test/{id}","method":"DELETE"},"queryMode":"config","joins":[{"targetFormKey":"user-tree","localField":"person_id","foreignField":"id","joinField":"username","virtualKey":"apply_name","label":"申请人姓名","sortable":true,"filterable":true}]}	ENABLED	system	2026-09-24 00:23:43	2026-09-25 08:19:04	9dc27e83b084a95bb4230f60fd92bc34
