id	tenant_id	name	key	schema	version	status	published_version	created_by	created_at	updated_at	type	column_config	process_key
579351c3534ce256077a37b017b91430	default	员工报销申请	ai_muf58a5n38	{"rule":[{"type":"input","field":"applicant_name","title":"报销人姓名","value":null,"validate":[{"required":true,"message":"请填写报销人姓名"}],"_fc_id":"id_F1jcmuf6lj9hc1c","name":"ref_Fwjdmuf6lj9hc2c","_fc_drag_tag":"input","display":true,"hidden":false},{"type":"input","field":"department","title":"部门","value":null,"validate":[{"required":true,"message":"请填写部门"}],"_fc_id":"id_Fv2lmuf6lj9hc3c","name":"ref_F40ymuf6lj9hc4c","_fc_drag_tag":"input","display":true,"hidden":false},{"type":"select","field":"reimbursement_type","title":"报销类型","value":null,"options":[{"label":"差旅费","value":"差旅费"},{"label":"办公费","value":"办公费"},{"label":"招待费","value":"招待费"},{"label":"其他","value":"其他"}],"validate":[{"required":true,"message":"请选择报销类型","mode":"required"}],"_fc_id":"id_Fzhcmuf6lj9hc5c","name":"ref_F7evmuf6lj9hc6c","_fc_drag_tag":"select","display":true,"hidden":false},{"type":"inputNumber","field":"amount","title":"金额","value":null,"validate":[{"required":true,"message":"请填写金额"}],"_fc_id":"id_F8ztmuf6lj9ic9c","name":"ref_F7bsmuf6lj9icac","_fc_drag_tag":"inputNumber","display":true,"hidden":false},{"type":"input","field":"attachment","title":"附件","value":null,"_fc_id":"id_F0y9muf6lj9icbc","name":"ref_Fx8ymuf6lj9iccc","_fc_drag_tag":"input","display":true,"hidden":false}],"option":{"form":{"inline":false,"hideRequiredAsterisk":false,"labelPosition":"right","size":"default","labelWidth":"125px","formCreateFormName":"员工报销申请"},"resetBtn":{"show":false,"innerText":"重置"},"submitBtn":{"show":true,"innerText":"提交"},"formName":"员工报销申请"},"dataSources":[],"actions":[]}	1	PUBLISHED	1	NULL	2026-09-24 14:20:57	2026-09-24 15:00:55	BUSINESS	[{"key":"applicant_name","label":"报销人姓名","columnType":"VARCHAR","length":255,"scale":null,"required":true,"unique":false,"indexed":false,"componentType":"input"},{"key":"department","label":"部门","columnType":"VARCHAR","length":255,"scale":null,"required":true,"unique":false,"indexed":false,"componentType":"input"},{"key":"reimbursement_type","label":"报销类型","columnType":"JSON","length":null,"scale":null,"required":true,"unique":false,"indexed":false,"componentType":"select"},{"key":"reimbursement_type_text","label":"报销类型（显示）","columnType":"VARCHAR","length":255,"scale":null,"required":false,"unique":false,"indexed":false,"hidden":true,"componentType":"selectText"},{"key":"amount","label":"金额","columnType":"INT","length":null,"scale":null,"required":true,"unique":false,"indexed":false,"componentType":"inputNumber"},{"key":"attachment","label":"附件","columnType":"VARCHAR","length":255,"scale":null,"required":false,"unique":false,"indexed":false,"componentType":"input"}]	NULL
648b850b40637d18d6dcdd90211a84fb	default	会议室预约业务表单	ai_muf5sckj12	{"rule":[{"type":"input","field":"meeting_room_name","title":"会议室名称","value":null,"validate":[{"required":true,"message":"请填写会议室名称","mode":"required"}],"_fc_id":"id_F9fymuf6nsmxcec","name":"ref_F5v8muf6nsmxcfc","display":true,"hidden":false,"_fc_drag_tag":"input"},{"type":"input","field":"booker_name","title":"预约人","value":null,"validate":[{"required":true,"message":"请填写预约人","mode":"required"}],"_fc_id":"id_Fy0jmuf6nsmycgc","name":"ref_Fcwwmuf6nsmychc","display":true,"hidden":false,"_fc_drag_tag":"input"}],"option":{"form":{"inline":false,"hideRequiredAsterisk":false,"labelPosition":"right","size":"default","labelWidth":"125px","formCreateFormName":"会议室预约业务表单"},"resetBtn":{"show":false,"innerText":"重置"},"submitBtn":{"show":true,"innerText":"提交"}},"dataSources":[],"actions":[]}	1	DRAFT	NULL	NULL	2026-09-24 14:36:33	2026-09-24 15:01:37	BUSINESS	[{"key":"meeting_room_name","label":"会议室名称","columnType":"VARCHAR","length":null,"scale":null,"required":false,"unique":false,"indexed":false,"hidden":false,"pickerConfig":null,"storageMode":"JSON","componentType":"input","sortable":null,"filterable":null,"matchType":null,"subColumns":null,"subMode":null},{"key":"booker_name","label":"预约人","columnType":"VARCHAR","length":null,"scale":null,"required":false,"unique":false,"indexed":false,"hidden":false,"pickerConfig":null,"storageMode":"JSON","componentType":"input","sortable":null,"filterable":null,"matchType":null,"subColumns":null,"subMode":null},{"key":"booking_date","label":"预约日期","columnType":"DATETIME","length":null,"scale":null,"required":false,"unique":false,"indexed":false,"hidden":false,"pickerConfig":null,"storageMode":"JSON","componentType":"date","sortable":null,"filterable":null,"matchType":null,"subColumns":null,"subMode":null},{"key":"purpose","label":"使用事由","columnType":"TEXT","length":null,"scale":null,"required":false,"unique":false,"indexed":false,"hidden":false,"pickerConfig":null,"storageMode":"JSON","componentType":"inputTextarea","sortable":null,"filterable":null,"matchType":null,"subColumns":null,"subMode":null}]	NULL
8a1c28f22312b38ba4414914e6b504cf	default	AI小智测试表单	ai_xiaozhi_test	[]	1	DRAFT	NULL	NULL	2026-09-24 13:05:27	2026-09-24 13:05:27	WORKFLOW	NULL	NULL
9d2130c4f642deab4f27f09cbede4a9a	default	暗色测试表单		[]	1	ARCHIVED	NULL	NULL	2026-09-24 10:46:07	2026-09-24 11:00:58	WORKFLOW	NULL	NULL
9dc27e83b084a95bb4230f60fd92bc34	default	测试表单	bill_test	{"rule":[{"type":"input","field":"person_id","title":"请假人id","info":"","$required":false,"_fc_id":"id_F5d7muf892qxayc","name":"ref_Fa9tmuf892qxazc","_fc_drag_tag":"input","display":true,"hidden":true},{"type":"LookupPicker","field":"person_name","title":"请假人姓名","props":{"columns":[{"prop":"username","label":"用户名"}],"returnFields":{},"dataSourceId":"ds_mufbo50u","displayField":"username","searchColumns":["username","nickname"],"idField":"person_id"},"_fc_id":"id_Ftakmuf87tulavc","name":"ref_F5xqmuf87tulawc","_fc_drag_tag":"LookupPicker","display":true,"hidden":false},{"type":"input","field":"department","title":"所属部门","value":null,"validate":[{"required":true,"message":"请填写所属部门"}],"_fc_id":"id_Fy1umuf877w5adc","name":"ref_F7frmuf877w5aec","_fc_drag_tag":"input","display":true,"hidden":false},{"type":"input","field":"position","title":"职位","value":null,"validate":[{"required":true,"message":"请填写职位"}],"_fc_id":"id_Fa3lmuf877w5afc","name":"ref_Ftvrmuf877w5agc","_fc_drag_tag":"input","display":true,"hidden":false},{"type":"datePicker","field":"leave_start_date","title":"请假开始日期","value":null,"validate":[{"required":true,"message":"请选择请假开始日期","mode":"required"}],"_fc_id":"id_F0xqmuf877w5ahc","name":"ref_Fgynmuf877w5aic","_fc_drag_tag":"datePicker","display":true,"hidden":false},{"type":"datePicker","field":"leave_end_date","title":"请假结束日期","value":null,"validate":[{"required":true,"message":"请选择请假结束日期"}],"_fc_id":"id_Fmzkmuf877w5ajc","name":"ref_Fdkkmuf877w5akc","_fc_drag_tag":"datePicker","display":true,"hidden":false},{"type":"select","field":"leave_type","title":"请假类型","value":null,"options":[{"label":"年假","value":"annual"},{"label":"病假","value":"sick"},{"label":"事假","value":"personal"},{"label":"婚假","value":"marriage"},{"label":"产假","value":"maternity"},{"label":"其他","value":"other"}],"validate":[{"required":true,"message":"请选择请假类型"}],"_fc_id":"id_Fblmmuf877w5alc","name":"ref_Ffwdmuf877w5amc","_fc_drag_tag":"select","display":true,"hidden":false},{"type":"inputNumber","field":"leave_days","title":"请假天数","value":null,"validate":[{"required":true,"message":"请填写请假天数"}],"_fc_id":"id_Fwwfmuf877w5anc","name":"ref_Fudfmuf877w5aoc","_fc_drag_tag":"inputNumber","display":true,"hidden":false},{"type":"textarea","field":"leave_reason","title":"请假事由","value":null,"validate":[{"required":true,"message":"请填写请假事由"}],"_fc_id":"id_Fechmuf877w5apc","name":"ref_Flbgmuf877w5aqc","_fc_drag_tag":"textarea","display":true,"hidden":false},{"type":"input","field":"contact_phone","title":"紧急联系电话","value":null,"validate":[{"required":true,"message":"请填写紧急联系电话"}],"_fc_id":"id_Fisxmuf877w5arc","name":"ref_F5ltmuf877w5asc","_fc_drag_tag":"input","display":true,"hidden":false},{"type":"radio","field":"is_approved","title":"是否已获得主管批准","value":null,"options":[{"label":"是","value":"yes"},{"label":"否","value":"no"}],"validate":[{"required":true,"message":"请选择是否已获得主管批准"}],"_fc_id":"id_Fzjqmuf877w5atc","name":"ref_Fv2lmuf877w5auc","_fc_drag_tag":"radio","display":true,"hidden":false}],"option":{"form":{"inline":false,"hideRequiredAsterisk":false,"labelPosition":"right","size":"default","labelWidth":"125px","formCreateFormName":"测试表单"},"resetBtn":{"show":false,"innerText":"重置"},"submitBtn":{"show":true,"innerText":"提交"},"formName":"测试表单"},"dataSources":[{"id":"ds_mufbo50u","refId":"ds-builtin-user-tree","name":"系统用户"}],"actions":[]}	1	PUBLISHED	1	NULL	2026-09-24 00:23:43	2026-09-24 17:22:03	BUSINESS	[{"key":"person_id","label":"请假人id","columnType":"VARCHAR","length":255,"scale":null,"required":false,"unique":false,"indexed":false,"componentType":"input","hidden":true},{"key":"person_name","label":"请假人姓名","columnType":"VARCHAR","length":255,"scale":null,"required":false,"unique":false,"indexed":false,"componentType":"LookupPicker","pickerConfig":"{\\"displayField\\":\\"username\\",\\"mode\\":\\"single\\",\\"pickerType\\":\\"lookupPicker\\"}"},{"key":"department","label":"所属部门","columnType":"VARCHAR","length":255,"scale":null,"required":true,"unique":false,"indexed":false,"componentType":"input"},{"key":"position","label":"职位","columnType":"VARCHAR","length":255,"scale":null,"required":true,"unique":false,"indexed":false,"componentType":"input"},{"key":"leave_start_date","label":"请假开始日期","columnType":"DATE","length":null,"scale":null,"required":true,"unique":false,"indexed":false,"componentType":"datePicker"},{"key":"leave_end_date","label":"请假结束日期","columnType":"DATE","length":null,"scale":null,"required":true,"unique":false,"indexed":false,"componentType":"datePicker"},{"key":"leave_type","label":"请假类型","columnType":"JSON","length":null,"scale":null,"required":true,"unique":false,"indexed":false,"componentType":"select"},{"key":"leave_type_text","label":"请假类型（显示）","columnType":"VARCHAR","length":255,"scale":null,"required":false,"unique":false,"indexed":false,"hidden":true,"componentType":"selectText"},{"key":"leave_days","label":"请假天数","columnType":"INT","length":null,"scale":null,"required":true,"unique":false,"indexed":false,"componentType":"inputNumber"},{"key":"leave_reason","label":"请假事由","columnType":"TEXT","length":null,"scale":null,"required":true,"unique":false,"indexed":false,"componentType":"textarea"},{"key":"contact_phone","label":"紧急联系电话","columnType":"VARCHAR","length":255,"scale":null,"required":true,"unique":false,"indexed":false,"componentType":"input"},{"key":"is_approved","label":"是否已获得主管批准","columnType":"VARCHAR","length":255,"scale":null,"required":true,"unique":false,"indexed":false,"componentType":"radio"}]	NULL
9e24468dbcf5e57cdeeddcc7934e629f	default	办公用品登记业务表单	ai_muf52ksu88	{"rule":[{"type":"input","field":"item_name","title":"物品名称","value":null,"validate":[{"required":true,"message":"请填写物品名称"}],"_fc_id":"id_F9pumuf6p6ricmc","name":"ref_Famfmuf6p6ricnc","_fc_drag_tag":"input","display":true,"hidden":false},{"type":"inputNumber","field":"quantity","title":"数量","value":null,"validate":[{"required":true,"message":"请填写数量"}],"_fc_id":"id_F4esmuf6p6ricoc","name":"ref_Furfmuf6p6ricpc","_fc_drag_tag":"inputNumber","display":true,"hidden":false},{"type":"inputNumber","field":"unit_price","title":"单价","value":null,"validate":[{"required":true,"message":"请填写单价"}],"_fc_id":"id_Fqqhmuf6p6ricqc","name":"ref_Fbinmuf6p6ricrc","_fc_drag_tag":"inputNumber","display":true,"hidden":false},{"type":"datePicker","field":"registration_date","title":"登记日期","value":null,"validate":[{"required":true,"message":"请填写登记日期","mode":"required"}],"_fc_id":"id_Fxcfmuf6p6ricsc","name":"ref_F91fmuf6p6rictc","_fc_drag_tag":"datePicker","display":true,"hidden":false},{"type":"input","field":"remarks","title":"备注","value":null,"_fc_id":"id_Fedcmuf6p6ricuc","name":"ref_Fd6zmuf6p6ricvc","props":{"type":"textarea"},"_fc_drag_tag":"input","display":true,"hidden":false}],"option":{"form":{"inline":false,"hideRequiredAsterisk":false,"labelPosition":"right","size":"default","labelWidth":"125px","formCreateFormName":"办公用品登记业务表单"},"resetBtn":{"show":false,"innerText":"重置"},"submitBtn":{"show":true,"innerText":"提交"},"formName":"办公用品登记业务表单"},"dataSources":[],"actions":[]}	1	PUBLISHED	1	NULL	2026-09-24 14:16:31	2026-09-24 15:31:06	BUSINESS	[{"key":"item_name","label":"物品名称","columnType":"VARCHAR","length":255,"scale":null,"required":true,"unique":false,"indexed":false,"componentType":"input"},{"key":"quantity","label":"数量","columnType":"INT","length":null,"scale":null,"required":true,"unique":false,"indexed":false,"componentType":"inputNumber"},{"key":"unit_price","label":"单价","columnType":"INT","length":null,"scale":null,"required":true,"unique":false,"indexed":false,"componentType":"inputNumber"},{"key":"registration_date","label":"登记日期","columnType":"DATE","length":null,"scale":null,"required":true,"unique":false,"indexed":false,"componentType":"datePicker"},{"key":"remarks","label":"备注","columnType":"TEXT","length":255,"scale":null,"required":false,"unique":false,"indexed":false,"componentType":"input"}]	NULL
bcc2dd12143ec3b48dd4d4ba61f4eff0	default	会议室预约业务表单	ai_muf7u4ul55	[]	1	DRAFT	NULL	NULL	2026-09-24 15:33:56	2026-09-24 15:33:56	BUSINESS	NULL	NULL
e6ab86607aca0f4dce285f108687f67a	default	员工请假业务表单	ai_muf4tjek39	{"rule": [{"type": "input", "field": "name", "title": "姓名", "value": null, "validate": [{"required": true, "message": "请填写姓名"}]}, {"type": "input", "field": "department", "title": "部门", "value": null, "validate": [{"required": true, "message": "请填写部门"}]}, {"type": "select", "field": "leave_type", "title": "请假类型", "value": null, "options": [{"label": "事假", "value": "事假"}, {"label": "病假", "value": "病假"}, {"label": "年假", "value": "年假"}], "validate": [{"required": true, "message": "请选择请假类型"}]}, {"type": "datePicker", "field": "start_date", "title": "开始日期", "value": null}, {"type": "datePicker", "field": "end_date", "title": "结束日期", "value": null}, {"type": "input", "field": "reason", "title": "请假事由", "value": null, "props": {"type": "textarea"}}]}	1	PUBLISHED	1	NULL	2026-09-24 14:09:29	2026-09-24 15:26:21	BUSINESS	[{"key": "name", "label": "姓名", "columnType": "VARCHAR", "length": null, "scale": null, "required": false, "unique": false, "indexed": false, "hidden": false, "pickerConfig": null, "storageMode": "JSON", "componentType": "input", "sortable": null, "filterable": null, "matchType": null, "subColumns": null, "subMode": null}, {"key": "department", "label": "部门", "columnType": "VARCHAR", "length": null, "scale": null, "required": false, "unique": false, "indexed": false, "hidden": false, "pickerConfig": null, "storageMode": "JSON", "componentType": "input", "sortable": null, "filterable": null, "matchType": null, "subColumns": null, "subMode": null}, {"key": "leave_type", "label": "请假类型", "columnType": "VARCHAR", "length": null, "scale": null, "required": false, "unique": false, "indexed": false, "hidden": false, "pickerConfig": null, "storageMode": "JSON", "componentType": "select", "sortable": null, "filterable": null, "matchType": null, "subColumns": null, "subMode": null}, {"key": "start_date", "label": "开始日期", "columnType": "DATETIME", "length": null, "scale": null, "required": false, "unique": false, "indexed": false, "hidden": false, "pickerConfig": null, "storageMode": "JSON", "componentType": "datePicker", "sortable": null, "filterable": null, "matchType": null, "subColumns": null, "subMode": null}, {"key": "end_date", "label": "结束日期", "columnType": "DATETIME", "length": null, "scale": null, "required": false, "unique": false, "indexed": false, "hidden": false, "pickerConfig": null, "storageMode": "JSON", "componentType": "datePicker", "sortable": null, "filterable": null, "matchType": null, "subColumns": null, "subMode": null}, {"key": "reason", "label": "请假事由", "columnType": "TEXT", "length": null, "scale": null, "required": false, "unique": false, "indexed": false, "hidden": false, "pickerConfig": null, "storageMode": "JSON", "componentType": "input", "sortable": null, "filterable": null, "matchType": null, "subColumns": null, "subMode": null}]	NULL
e6d2ffd44a6baf0d26f10a99d656c705	default	会议室预约表单	ai_muf7u70h84	{"rule":[{"type":"input","field":"meeting_room_name","title":"会议室名称","value":null,"validate":[{"required":true,"message":"请填写会议室名称"}]},{"type":"input","field":"booker_name","title":"预约人","value":null,"validate":[{"required":true,"message":"请填写预约人"}]},{"type":"datePicker","field":"booking_time","title":"预约时间","value":null,"validate":[{"required":true,"message":"请选择预约时间"}]},{"type":"input","field":"cancellation_reason","title":"取消原因","value":null}]}	1	DRAFT	NULL	NULL	2026-09-24 15:33:58	2026-09-24 15:33:58	BUSINESS	[{"key":"meeting_room_name","label":"会议室名称","columnType":"VARCHAR","length":null,"scale":null,"required":false,"unique":false,"indexed":false,"hidden":false,"pickerConfig":null,"storageMode":"JSON","componentType":"input","sortable":null,"filterable":null,"matchType":null,"subColumns":null,"subMode":null},{"key":"booker_name","label":"预约人","columnType":"VARCHAR","length":null,"scale":null,"required":false,"unique":false,"indexed":false,"hidden":false,"pickerConfig":null,"storageMode":"JSON","componentType":"input","sortable":null,"filterable":null,"matchType":null,"subColumns":null,"subMode":null},{"key":"booking_time","label":"预约时间","columnType":"DATETIME","length":null,"scale":null,"required":false,"unique":false,"indexed":false,"hidden":false,"pickerConfig":null,"storageMode":"JSON","componentType":"datePicker","sortable":null,"filterable":null,"matchType":null,"subColumns":null,"subMode":null},{"key":"cancellation_reason","label":"取消原因","columnType":"VARCHAR","length":null,"scale":null,"required":false,"unique":false,"indexed":false,"hidden":false,"pickerConfig":null,"storageMode":"JSON","componentType":"input","sortable":null,"filterable":null,"matchType":null,"subColumns":null,"subMode":null}]	NULL
