id	instance_id	execution_id	node_id	node_type	node_name	status	start_time	end_time	duration_ms	mi_root_id	mi_index	created_at	updated_at
0be77a15-e2fd-2264-c75a-a2758a697838	db15967d-0195-3468-3f14-b27279a25082	6f4e2c3b-5e2a-eaaa-2e7e-08107c5b8f8f	ai_task_3	multiInstanceBody	NULL	ACTIVE	2026-09-27 18:51:22.064000	NULL	NULL	d5b8567b-8fbd-9286-a35a-66c452d69e8b	NULL	2026-09-27 18:53:32.473000	2026-09-27 18:53:32.473000
1db0e5f0-4784-41e0-bd76-aa0c67a00949	db15967d-0195-3468-3f14-b27279a25082	6f4e2c3b-5e2a-eaaa-2e7e-08107c5b8f8f	flow_3	sequenceFlow	NULL	COMPLETED	2026-09-27 18:51:22.062000	2026-09-27 18:51:22.063000	1	NULL	NULL	2026-09-27 18:53:32.473000	2026-09-27 18:53:32.473000
24e8c124-72ac-5f60-5b06-c0f50ed33ad0	db15967d-0195-3468-3f14-b27279a25082	6f4e2c3b-5e2a-eaaa-2e7e-08107c5b8f8f	flow_2	sequenceFlow	NULL	COMPLETED	2026-09-27 18:50:15.181000	2026-09-27 18:50:15.182000	1	NULL	NULL	2026-09-27 18:53:32.473000	2026-09-27 18:53:32.473000
516db898-96df-ae90-58e5-f069d1bd3921	db15967d-0195-3468-3f14-b27279a25082	0100b17c-8254-567d-bb4e-9526f544a286	ai_task_3	userTask	NULL	COMPLETED	2026-09-27 18:51:22.065000	2026-09-27 18:53:32.473000	130408	d5b8567b-8fbd-9286-a35a-66c452d69e8b	0	2026-09-27 18:53:32.473000	2026-09-27 18:53:32.473000
5b58312b-e696-3f2f-23c0-f4d0bd3c8b00	db15967d-0195-3468-3f14-b27279a25082	6f4e2c3b-5e2a-eaaa-2e7e-08107c5b8f8f	startEvent_1	startEvent	NULL	COMPLETED	2026-09-27 18:50:15.173000	2026-09-27 18:50:15.174000	1	NULL	NULL	2026-09-27 18:53:32.473000	2026-09-27 18:53:32.473000
94f01635-1d07-598b-533d-11e90cf9deb5	db15967d-0195-3468-3f14-b27279a25082	d5b8567b-8fbd-9286-a35a-66c452d69e8b	endEvent_1	endEvent	NULL	COMPLETED	2026-09-27 18:53:32.476000	2026-09-27 18:53:32.477000	1	d5b8567b-8fbd-9286-a35a-66c452d69e8b	NULL	2026-09-27 18:53:32.473000	2026-09-27 18:53:32.473000
b935a656-3511-b524-b003-0818f9c92814	db15967d-0195-3468-3f14-b27279a25082	d5b8567b-8fbd-9286-a35a-66c452d69e8b	flow_4	sequenceFlow	NULL	COMPLETED	2026-09-27 18:53:32.474000	2026-09-27 18:53:32.475000	1	d5b8567b-8fbd-9286-a35a-66c452d69e8b	NULL	2026-09-27 18:53:32.473000	2026-09-27 18:53:32.473000
bc0ff16a-af0f-1a16-af33-c690e2c751f1	db15967d-0195-3468-3f14-b27279a25082	6f4e2c3b-5e2a-eaaa-2e7e-08107c5b8f8f	ai_task_2	userTask	NULL	COMPLETED	2026-09-27 18:50:15.183000	2026-09-27 18:51:22.061000	66878	NULL	NULL	2026-09-27 18:53:32.473000	2026-09-27 18:53:32.473000
db10bcb2-5438-ae41-a90f-b9368e2b5258	db15967d-0195-3468-3f14-b27279a25082	6f4e2c3b-5e2a-eaaa-2e7e-08107c5b8f8f	ai_task_1	userTask	NULL	COMPLETED	2026-09-27 18:50:15.177000	2026-09-27 18:50:15.180000	3	NULL	NULL	2026-09-27 18:53:32.473000	2026-09-27 18:53:32.473000
e98f975a-f57e-f69a-d5a0-39104c5dde5f	db15967d-0195-3468-3f14-b27279a25082	6f4e2c3b-5e2a-eaaa-2e7e-08107c5b8f8f	flow_1	sequenceFlow	NULL	COMPLETED	2026-09-27 18:50:15.175000	2026-09-27 18:50:15.176000	1	NULL	NULL	2026-09-27 18:53:32.473000	2026-09-27 18:53:32.473000
